{"kmeans": [[2.099311590194702, 3.9090943336486816, 3.211219310760498, 2.737532377243042, 3.6952595710754395], [3.733457326889038, 2.244903802871704, 4.14766263961792, 3.8122448921203613, 4.0793070793151855], [3.7014994621276855, 3.473820447921753, 3.936718702316284, 2.8778975009918213, 3.9119770526885986], [2.386730670928955, 2.4671342372894287, 3.1832492351531982, 3.392824172973633, 3.677263021469116], [2.453760862350464, 3.5894217491149902, 4.125504970550537, 3.78598690032959, 3.936542510986328]], "gmm": [[3.7433008512089176, 3.0814172623549445, 4.0863689960668275, 2.9612124556700503, 4.108853454142715], [3.4046235159339955, 2.539881717994091, 4.222145528946608, 3.9616420796934846, 4.040941066575972], [2.6108752919887555, 3.2032049639521585, 3.450494050595749, 3.1814706100552748, 3.1762353633736495], [2.373955041379436, 3.6697552324552793, 3.923884753276335, 3.186958646752749, 4.028996444195544], [2.549383239972927, 2.9240278746639996, 2.822637918959585, 3.3082999369442336, 4.209253684759626]], "hierarchical": [[2.535580635070801, 3.838768243789673, 3.6719276905059814, 3.1251609325408936, 3.7604658603668213], [3.555774450302124, 2.7956132888793945, 4.290778636932373, 4.004700183868408, 4.128289699554443], [2.745187997817993, 2.552711248397827, 3.7552027702331543, 3.350464105606079, 3.529360055923462], [3.904362678527832, 2.7786638736724854, 3.871642827987671, 2.895023822784424, 4.179141044616699], [2.179170846939087, 2.6519718170166016, 2.6812942028045654, 3.3506572246551514, 3.987057685852051]]}